{
  "episode_rewards": [
    909.1054675292954,
    867.5520849609368,
    762.1888659667968,
    947.7127859497058,
    791.5727716064426,
    928.0774536132795,
    1038.410791625974,
    857.8408825683566,
    982.5287646484364,
    1077.8800335693347,
    975.1762759399388,
    922.3047634887673,
    21.89736157226555,
    1003.44915885925,
    849.4005014038083,
    1025.4842639160147,
    946.0490914154038,
    593.1942640380842,
    395.7010446777342,
    769.4181311035137,
    1004.4734359741184,
    1020.8052597045873,
    1000.786695632933,
    1093.758262634276,
    1054.0519951629612,
    1077.043895645139,
    1222.8432811737034,
    1050.8852301025383,
    859.5015820312498,
    1036.335915527342,
    643.333674255369,
    779.6506137084939,
    1157.1426742553695,
    1049.2368478393525,
    54.62425732421872,
    189.66777682495137,
    958.1224863433831,
    541.8145354309067,
    261.2825244140633,
    164.25976782226533,
    963.5271419525122,
    614.4336676025363,
    483.5997177734361,
    652.5129797210684,
    828.9730532836911,
    763.8510082244867,
    708.1395910797099,
    678.0779177093507,
    1137.2330420684814,
    976.4379389190651,
    1007.415082397459,
    1078.1678434753399,
    659.059961975096,
    1052.0511703491186,
    842.8510250854465,
    1049.75598800659,
    920.0994377136209,
    909.9436291503876,
    540.8718773956285,
    632.7575222930893,
    1035.3976694488508,
    1140.758267669678,
    826.837351379393,
    1133.3897254943809,
    905.7994007873515,
    1004.5103899383535,
    1127.244100952146,
    1053.6892183685284,
    665.2097696533191,
    1177.635615768431,
    1109.9806480407706,
    1099.1373957061742,
    565.4314807281497,
    911.293126831055,
    832.1623625183101,
    1076.8207125854453,
    1161.5849671173085,
    1286.6709840393041,
    1050.619582977295,
    1204.0111031341528,
    1136.4851234436032,
    129.6388894958498,
    1008.2573110198971,
    287.84843896484387,
    1240.4462496948233,
    1031.6122859954826,
    423.48436737060626,
    -2.830647476196308,
    737.3772353363031,
    566.2378739776593,
    987.4371038818344,
    421.67217286682114,
    962.2753978729231,
    966.7200902557365,
    493.92260438537363,
    1174.5778605651835,
    782.1858180236806,
    1201.7703230285617,
    1239.3558612823465,
    508.24537638854883
  ],
  "episode_tasks_completed": [
    0,
    0,
    0,
    0,
    0,
    0,
    0,
    0,
    0,
    0,
    0,
    0,
    0,
    0,
    0,
    0,
    0,
    0,
    0,
    0,
    0,
    0,
    0,
    0,
    0,
    0,
    0,
    0,
    0,
    0,
    0,
    0,
    0,
    0,
    0,
    0,
    0,
    0,
    0,
    0,
    0,
    0,
    0,
    0,
    0,
    0,
    0,
    0,
    0,
    0,
    0,
    0,
    0,
    0,
    0,
    0,
    0,
    0,
    0,
    0,
    0,
    0,
    0,
    0,
    0,
    0,
    0,
    0,
    0,
    0,
    0,
    0,
    0,
    0,
    0,
    0,
    0,
    0,
    0,
    0,
    0,
    0,
    0,
    0,
    0,
    0,
    0,
    0,
    0,
    0,
    0,
    0,
    0,
    0,
    0,
    0,
    0,
    0,
    0,
    0
  ],
  "config": {
    "env_config": {},
    "train_config": {},
    "model_config": {}
  }
}